{
  "payload": {
    "analysis_type": "k_spectral_preview",
    "broadening": 0.08,
    "energy": [
      -4.0,
      -3.9,
      -3.8,
      -3.7,
      -3.6,
      -3.5,
      -3.4,
      -3.3,
      -3.2,
      -3.1,
      -3.0,
      -2.9,
      -2.8,
      -2.7,
      -2.5999999999999996,
      -2.5,
      -2.4,
      -2.3,
      -2.2,
      -2.0999999999999996,
      -2.0,
      -1.9,
      -1.7999999999999998,
      -1.6999999999999997,
      -1.5999999999999996,
      -1.5,
      -1.4,
      -1.2999999999999998,
      -1.1999999999999997,
      -1.0999999999999996,
      -1.0,
      -0.8999999999999999,
      -0.7999999999999998,
      -0.6999999999999997,
      -0.5999999999999996,
      -0.5,
      -0.3999999999999999,
      -0.2999999999999998,
      -0.19999999999999973,
      -0.09999999999999964,
      0.0,
      0.10000000000000053,
      0.20000000000000018,
      0.2999999999999998,
      0.40000000000000036,
      0.5,
      0.6000000000000005,
      0.7000000000000002,
      0.8000000000000007,
      0.9000000000000004,
      1.0,
      1.1000000000000005,
      1.2000000000000002,
      1.3000000000000007,
      1.4000000000000004,
      1.5,
      1.6000000000000005,
      1.7000000000000002,
      1.8000000000000007,
      1.9000000000000004,
      2.0,
      2.1000000000000005,
      2.2,
      2.3000000000000007,
      2.4000000000000004,
      2.5,
      2.6000000000000005,
      2.7,
      2.8000000000000007,
      2.9000000000000004,
      3.0,
      3.1000000000000005,
      3.2,
      3.3000000000000007,
      3.4000000000000004,
      3.5,
      3.6000000000000005,
      3.7,
      3.8000000000000007,
      3.9000000000000004,
      4.0
    ],
    "gap_indicator": {
      "grid_index_x": 1,
      "grid_index_y": 0,
      "k_index": 1,
      "k_label": "X",
      "minimum_gap_energy": 0.0,
      "peak_energy": 0.0
    },
    "intensity": [
      [
        0.035250813792684056,
        0.040763168816351815,
        0.038722308719533444,
        0.03826990155424342,
        0.03822890917667572,
        0.038211219236805954,
        0.03819055666015574,
        0.038166162024432834,
        0.03813803115871162,
        0.038106171281354184,
        0.03807059063919925,
        0.03803129844000437,
        0.037988304849078426,
        0.037941620985770384,
        0.037891258919629724,
        0.03783723166623885,
        0.037779553182719805,
        0.03771823836291738,
        0.0376533030322588,
        0.03758476394229431,
        0.037512638764918615,
        0.037436946086276554,
        0.037357705400355566,
        0.03727493710226618,
        0.03718866248121444,
        0.03709890371316803,
        0.03700568385321968,
        0.03690902682764999,
        0.036808957425693255,
        0.03670550129100944,
        0.03659868491286514,
        0.03648853561702752,
        0.03637508155637443,
        0.03625835170122379,
        0.03613837582938719,
        0.036015184515950094,
        0.03588880912278378,
        0.0357592817877923,
        0.03562663541389861,
        0.03549090365777461,
        0.035352120918318776,
        0.035210322324886495,
        0.03506554372527675,
        0.03491782167348024,
        0.03476719341719449,
        0.03461369688510838,
        0.03445737067396371,
        0.034298254035396804,
        0.034136386862566065,
        0.03397180967657044,
        0.03380456361266352,
        0.033634690406269985,
        0.03346223237880732,
        0.033287232423320774,
        0.03310973398993546,
        0.03292978107113124,
        0.032747418186847385,
        0.0325626903694205,
        0.03237564314836347,
        0.032186322534990125,
        0.03199477500689158,
        0.03180104749227113,
        0.031605187354141834,
        0.03140724237439476,
        0.031207260737742805,
        0.031005291015546194,
        0.030801382149526935,
        0.030595583435376623,
        0.030387944506265523,
        0.030178515316258363,
        0.029967346123642873,
        0.029754487474178762,
        0.02953999018427156,
        0.029323905324218552,
        0.029106284249186525,
        0.028887186223072472,
        0.02866722472980646,
        0.0284656675969044,
        0.028565215826945458,
        0.029824400078495104,
        0.025651060014976607
      ],
      [
        0.03261223529697728,
        0.03781216922240791,
        0.03606331439106595,
        0.03578584327094199,
        0.03588954956438271,
        0.036015194467299824,
        0.0361383758906385,
        0.03625835170138665,
        0.03637508155636146,
        0.036488535617014255,
        0.036598684912851794,
        0.03670550129099606,
        0.036808957425679883,
        0.036909026827636526,
        0.037005683853206184,
        0.037098903713154496,
        0.037188662481200806,
        0.037274937102252576,
        0.0373577054003419,
        0.03743694608626285,
        0.03751263876490487,
        0.03758476394228056,
        0.037653303032245,
        0.037718238362903514,
        0.03777955318270598,
        0.03783723166622495,
        0.03789125891961581,
        0.03794162098575645,
        0.037988304849064417,
        0.038031298439990396,
        0.03807059063918526,
        0.03810617128134013,
        0.03813803115869729,
        0.03816616202423051,
        0.038190556594494364,
        0.038211208552140476,
        0.0382281125481005,
        0.038241264203434516,
        0.03825066011084419,
        0.0382562978358505,
        0.03825817591763485,
        0.0382562938695444,
        0.038250652179259895,
        0.03824125230862699,
        0.03822809669315167,
        0.03821118874115776,
        0.03819053283260943,
        0.03816613431759746,
        0.038137999514490484,
        0.03810613570775184,
        0.03807055114542253,
        0.03803125503627234,
        0.03798825754661834,
        0.037941569796814,
        0.03789120385740896,
        0.03783717274498101,
        0.037779490417643245,
        0.03771817177022566,
        0.03765323262913546,
        0.03758468974689684,
        0.03751256079637193,
        0.03743686436466697,
        0.037357619946723354,
        0.03727484793859856,
        0.037188569630437984,
        0.037098807199140625,
        0.03700558370072258,
        0.036908923062379015,
        0.03680885007425011,
        0.03670539038089253,
        0.036598570472459985,
        0.03648841767559736,
        0.03637496014404993,
        0.036258226849168115,
        0.03613824763034686,
        0.03601506283156543,
        0.035889414583795035,
        0.0357857048772135,
        0.036063171028288654,
        0.03781201483960014,
        0.032612099819766455
      ],
      [
        7.681565020719262e-17,
        8.892492596370071e-17,
        8.461580788236649e-17,
        8.377446624348074e-17,
        8.383490386508452e-17,
        8.395122749854445e-17,
        8.406610419651517e-17,
        8.417785299977327e-17,
        8.42864400049975e-17,
        8.439185438323773e-17,
        8.449408574645825e-17,
        8.459312400699121e-17,
        8.468895937808243e-17,
        8.478158237482229e-17,
        8.48709838150555e-17,
        8.495715482026655e-17,
        8.504008681644307e-17,
        8.511977153491664e-17,
        8.519620101317884e-17,
        8.526936759567614e-17,
        8.533926393457994e-17,
        8.540588299053365e-17,
        8.546921803337736e-17,
        8.552926264284736e-17,
        8.558601070925325e-17,
        8.563945643413084e-17,
        8.568959433087168e-17,
        8.57364192253286e-17,
        8.577992625639686e-17,
        8.582011087657218e-17,
        8.58569688524838e-17,
        8.589049626540416e-17,
        8.592068951173388e-17,
        8.594754530346221e-17,
        8.597106066860368e-17,
        8.59912329516094e-17,
        8.600805981375467e-17,
        8.602153923350134e-17,
        8.603166950683527e-17,
        8.603844924757951e-17,
        8.604187738768162e-17,
        8.604195317747736e-17,
