{
  "payload": {
    "analysis_type": "k_spectral_preview",
    "broadening": 0.08,
    "energy": [
      -4.0,
      -3.9,
      -3.8,
      -3.7,
      -3.6,
      -3.5,
      -3.4,
      -3.3,
      -3.2,
      -3.1,
      -3.0,
      -2.9,
      -2.8,
      -2.7,
      -2.5999999999999996,
      -2.5,
      -2.4,
      -2.3,
      -2.2,
      -2.0999999999999996,
      -2.0,
      -1.9,
      -1.7999999999999998,
      -1.6999999999999997,
      -1.5999999999999996,
      -1.5,
      -1.4,
      -1.2999999999999998,
      -1.1999999999999997,
      -1.0999999999999996,
      -1.0,
      -0.8999999999999999,
      -0.7999999999999998,
      -0.6999999999999997,
      -0.5999999999999996,
      -0.5,
      -0.3999999999999999,
      -0.2999999999999998,
      -0.19999999999999973,
      -0.09999999999999964,
      0.0,
      0.10000000000000053,
      0.20000000000000018,
      0.2999999999999998,
      0.40000000000000036,
      0.5,
      0.6000000000000005,
      0.7000000000000002,
      0.8000000000000007,
      0.9000000000000004,
      1.0,
      1.1000000000000005,
      1.2000000000000002,
      1.3000000000000007,
      1.4000000000000004,
      1.5,
      1.6000000000000005,
      1.7000000000000002,
      1.8000000000000007,
      1.9000000000000004,
      2.0,
      2.1000000000000005,
      2.2,
      2.3000000000000007,
      2.4000000000000004,
      2.5,
      2.6000000000000005,
      2.7,
      2.8000000000000007,
      2.9000000000000004,
      3.0,
      3.1000000000000005,
      3.2,
      3.3000000000000007,
      3.4000000000000004,
      3.5,
      3.6000000000000005,
      3.7,
      3.8000000000000007,
      3.9000000000000004,
      4.0
    ],
    "gap_indicator": {
      "grid_index_x": 1,
      "grid_index_y": 0,
      "k_index": 1,
      "k_label": "X",
      "minimum_gap_energy": 0.0,
      "peak_energy": 0.0
    },
    "intensity": [
      [
        0.03524397672860142,
        0.04075525789930954,
        0.038714786863492286,
        0.03826246023527344,
        0.038221468213582764,
        0.03820377373302859,
        0.03818310682028809,
        0.03815870820297865,
        0.03813057371359996,
        0.03809871057187609,
        0.03806312702595609,
        0.038023832284868095,
        0.03798083651515146,
        0.037934150837344936,
        0.03788378732214664,
        0.03782975898624588,
        0.03777207978782951,
        0.037710764621764405,
        0.03764582931445677,
        0.03757729061839221,
        0.03750516620635665,
        0.03742947466534166,
        0.03735023549013643,
        0.037267469076607676,
        0.03718119671467187,
        0.037091440580960734,
        0.0369982237311843,
        0.03690157009219334,
        0.03680150445374475,
        0.03669805245997312,
        0.036591240600571354,
        0.0364810962016842,
        0.036367647416517955,
        0.03625092321566962,
        0.036130953377179975,
        0.03600776847631356,
        0.03588139987507028,
        0.035751879711432,
        0.03561924088834833,
        0.035483517062466524,
        0.03534474263260862,
        0.03520295272800163,
        0.035058183196263935,
        0.03491047059115312,
        0.03475985216008081,
        0.03460636583139707,
        0.034450050201451615,
        0.03429094452143531,
        0.03412908868400747,
        0.033964523209714145,
        0.03379728923320204,
        0.03362742848923479,
        0.03345498329851458,
        0.033279996553316864,
        0.033102511702942414,
        0.03292257273899203,
        0.03274022418047122,
        0.03255551105872784,
        0.0323684789022311,
        0.032179173721196164,
        0.03198764199206035,
        0.03179393064181805,
        0.031598087032218294,
        0.03140015894383295,
        0.031200194560000536,
        0.030998242450651733,
        0.030794351556023915,
        0.03058857117026893,
        0.03038095092496226,
        0.03017154077251888,
        0.029960390969521855,
        0.029747552059971438,
        0.029533074858459,
        0.02931701043341303,
        0.02909941013806555,
        0.028880333232475016,
        0.02866039306308827,
        0.028458852809829887,
        0.028558344981731713,
        0.02981719239337168,
        0.025644841341410783
      ],
      [
        0.03261417301799386,
        0.037814405949239085,
        0.03606543348442396,
        0.03578793215226517,
        0.03589163100926958,
        0.036017269923993435,
        0.036140445366484,
        0.036260415163187544,
        0.03637713897173109,
        0.03649058695496173,
        0.03660073014380053,
        0.0367075403867984,
        0.03681099035963109,
        0.03691105357448848,
        0.03700770438918044,
        0.037100918015955026,
        0.037190670530026025,
        0.03727693887780707,
        0.03735970088484755,
        0.03743893526346949,
        0.03751462162010043,
        0.03758674046230058,
        0.03765527320548185,
        0.03772020217931487,
        0.03778151063382291,
        0.03783918274515937,
        0.03789320362106752,
        0.03794355930601947,
        0.03799023678603298,
        0.0380332239931642,
        0.03807250980967434,
        0.038108084071869025,
        0.03813993757360877,
        0.03816806206948875,
        0.038192450277687494,
        0.03821309588248261,
        0.03822999353643319,
        0.03824313886222768,
        0.03825252845419648,
        0.038258159879489016,
        0.03826003167891447,
        0.03825814336744636,
        0.03825249543438991,
        0.03824308934321281,
        0.038229927531040035,
        0.03821301340781086,
        0.038192351355100705,
        0.03816794672460694,
        0.03813980583629952,
        0.038107935976237316,
        0.03807234539405041,
        0.03803304330009083,
        0.03799003986225041,
        0.03794334620244933,
        0.03789297439279538,
        0.03783893745141543,
        0.03778124933796194,
        0.03771992494879414,
        0.03765498011183778,
        0.03758643158112426,
        0.03751429703101121,
        0.037438595050088085,
        0.03735934513476663,
        0.03727656768256138,
        0.03719028398506097,
        0.03710051622059327,
        0.037007287446588405,
        0.03691062159164032,
        0.03681054344727201,
        0.03670707865940683,
        0.036600253719548254,
        0.03649009595567373,
        0.03637663352284341,
        0.03625989539370443,
        0.03613991140893257,
        0.036016721914217203,
        0.03589106907461524,
        0.03578735600844689,
        0.036064836654076796,
        0.03781376324165821,
        0.03261360901588105
      ],
      [
        0.0,
        0.0,
        0.0,
        0.0,
        0.0,
        0.0,
        0.0,
        0.0,
        0.0,
        0.0,
        0.0,
        0.0,
        0.0,
        0.0,
        0.0,
        0.0,
        0.0,
        0.0,
        0.0,
        0.0,
        0.0,
        0.0,
        0.0,
        0.0,
        0.0,
        0.0,
        0.0,
        0.0,
        0.0,
        0.0,
        0.0,
        0.0,
        0.0,
        0.0,
        0.0,
        0.0,
        0.0,
        0.0,
        0.0,
        0.0,
        0.0,
        0.0,
        0.0,
        0.0,
        0.0,
        0.0,
        0.0,
        0.0,
        0.0,
        0.0,
        0.0,
        0.0,
        0.0,
        0.0,
        0.0,
        0.0,
        0.0,
        0.0,
        0.0,
        0.0,
        0.0,
        0.0,
        0.0,
        0.0,
        0.0,
        0.0,
        0.0,
        0.0,
        0.0,
        0.0,
        0.0,
        0.0,
        0.0,
        0.0,
        0.0,
        0.0,
        0.0,
        0.0,
        0.0,
        0.0,
        0.0
      ],
      [
        0.03524397672860142,
        0.04075525789930954,
        0.038714786863492286,
        0.03826246023527344,
        0.038221468213582764,
        0.03820377373302859,
        0.03818310682028809,
        0.03815870820297865,
